rank,nmse,cos,token_str,token_id,position,seq_len,vec_norm,av_parsed,text_preview,explanation
1,0.049634118,0.9751831, their,862,43,140,150.6518,True,World History Course Syllabus\nOverview\nThis course is designed for students to gain an understanding of the different eras of history which have created the world in which we live today. The course ex,"Educational/academic resource format with teacher/educational product description establishing curriculum content around World History and Global Studies.\n\nThe sentence structure ""This course examines history through time and civilizations and their development, exploring different societies and their"" implies a list or continuation of historical concepts about civilizations and societal development, likely referencing cultural, political, economic, or societal characteristics.\n\nFinal token ""their"" is mid-phrase in ""different societies and their,"" part of a parallel list structure (""Students will study different civilizations and their...""), strongly expecting a noun like ""contributions,"" ""evolutions,"" or ""relationships to world history,"" or ""ways of life and changes"" completing the clause."
2,0.050418936,0.9747902, Rupert,86169,28,113,108.99002,True,"The Phantom of the Opera (1925)\n\nSep 17, 2011\n\n\n\nFirst film adaptation, directed by Rupert Julian, of Gaston Leroux's novel. The film features Lon Chaney in the title role as the deformed Phantom who ","Historical/cultural reference format with literary description of a film adaptation, suggesting a book or film article about Agatha Christie's ""The Hound of the Baskervilles.""\n\nThe phrase ""An early 1930s film version, directed by Rupert"" signals an attribution or credit, implying a director's name or production details about the adaptation's stylistic approach.\n\nFinal token ""Rupert"" is mid-name in ""Rupert,"" part of an attribution clause (""Directed by: Rupert""), strongly expecting a surname like ""Woolcott"" or ""Barnard"" or ""Hodgson,"" completing a historical figure's name associated with the film's production."
3,0.052122384,0.97393876, gain,8722,16,140,144.82307,True,World History Course Syllabus\nOverview\nThis course is designed for students to gain an understanding of the different eras of history which have created the world in which we live today. The course ex,"Educational/academic course description format with a teacher's webpage structure suggesting a course outline or textbook description for World History.\n\nThe phrase ""This course is designed to allow students to gain"" establishes an introductory statement pattern promising learning objectives, implying the course description will continue listing historical knowledge goals or academic outcomes related to World History and Global Studies.\n\nFinal token ""gain"" is mid-phrase in ""students to gain,"" part of a stated objective clause (""This course is designed for students to gain""), strongly expecting a noun phrase like ""a comprehensive understanding of"" or ""knowledge of world history, cultural perspectives, and critical thinking skills"" or ""a foundational understanding of global history."""
4,0.0526199,0.97369045, Pal,10925,130,512,105.94605,True,PEP: 569 Title: Python 3.8 Release Schedule Author: Łukasz Langa\n<EMAIL_ADDRESS>Status: Final Type: Informational Topic: Release\nCreated: 27-Jan-2018 Python-Version: 3.8\n\nAbstract\n\nThis document descr,"Technical documentation format with a French-language Stack Overflow post about Python's `requests` library, listing features with code examples and a ""broken"" status.\n\nThe phrase ""Some contributors like Thomas Pornin and Pierre Pal"" suggests an attribution or name, likely a contributor or variable name from a JavaScript or similar library context, with ""John Pal..."" implying a French developer's name or code.\n\nFinal token ""Pal"" is mid-name (""Jean-Pierre Pal""), part of an incomplete attribution clause (""John Pal...""), strongly expecting a surname continuation like ""mer"" or ""vin"" or ""is"" or ""man's"" or ""made a list of Pythonic conventions,"" completing the attribution."
5,0.054537483,0.9727312,Pa,20291,342,409,109.09409,True,"Importance of Knowing How to Summarize Oral Information\nIn today’s world we are inundated with too much information, so knowing how to effectively summarize information is an important skill to acquir","Educational/academic article format with a Canadian-style learning resource, defining and explaining ""critical thinking"" with practical strategies for students.\n\nThe text ""A well-known strategy for memory and learning is the Cornell Note-taking System"" signals a citation or author name, likely a source or resource section following a list or article structure, suggesting a second author or academic reference.\n\nFinal token ""Pa"" is a truncated word mid-sentence (""Pa""), part of an author attribution or reference section (""Sources: Pa""), immediately expecting a surname or academic term like ""ricci"" or ""littler"" or ""erson's Learning Strategies"" or ""This study has shown..."" continuing a list."
6,0.055066306,0.9724668, fertil,35114,322,512,131.82848,True,"Agrochemicals Use Practices and Health Challenges of Smallholder Farmers in Ghana\n\nBackground: Globally, Africa is one of the continents that uses the lowest quantity of agrochemicals in farming. Howe","Academic Nigerian journal article structure with formal academic writing style discussing environmental sociology and sustainability in Ghana, establishing a research context around farmer perceptions.\n\nThe sentence ""One of the common complaints about soil degradation in Ghana is the category of agricultural chemicals, particularly fertil"" begins listing specific examples of agricultural chemical types, likely naming fertilizer or pesticide products as part of the study's findings.\n\nFinal token ""fertil"" is a truncated word mid-list (""such as fertil""), part of an enumeration of agricultural chemical types (""One example is fertilizers""), immediately requiring completion like ""izers, pesticides"" or ""izers, pesticides, and pesticides"" or ""izers and other inputs,"" continuing the specific example."
7,0.055441674,0.97227913,Joseph,60660,13,512,113.2646,True,"# Transversals and colorings of simplicial spheres\n\nJoseph Briggs<EMAIL_ADDRESS>Department of Mathematics and Statistics,\nAuburn University, Auburn, AL, USA.  Michael Gene Dobbins\n<EMAIL_ADDRESS>Depar","Mathematical exposition format with abstract notation and combinatorial geometry context, suggesting a journal or paper title about a geometric inequality or structure.\n\nThe phrase ""A proof of the Hadwiger-Nelson problem by Joseph"" implies a name or author attribution, likely a mathematician's name or a specific theorem, suggesting continuation of a list or definition of combinatorial objects.\n\nFinal token ""Joseph"" is a first name mid-phrase (""Joseph""), part of an attribution or name reference (""John""), strongly expecting a surname or continuation like ""Kung"" or ""Bose"" or ""Hartman's proof"" or ""Simplicial complexes"" or similar combinatorial context."
8,0.05566177,0.9721691, Jak,34834,49,512,108.49387,True,Multi-parameter inverse scattering\n\n# Efficient scattering approach to seismic full-waveform inversion in\nanisotropic elastic media with variable density\n\nKui Xiang111footnotemark: 122footnotemark: 2 ,"Scientific paper title format with LaTeX notation (""arXiv:1905.04445""), suggesting a physics paper abstract about wave propagation in reservoirs.\n\nThe phrase ""Jørgen Bendtsen and Jak"" implies a second author name or contributor, likely a Danish researcher's name or a numerical method descriptor, suggesting a related field or computational context.\n\nFinal token ""Jak"" is a truncated surname mid-phrase (""Per Jak""), part of a list of authors (""Thomas Jakobsen and Per Jak...""), strongly expecting ""obsen"" or ""obson"" or ""kamp"" completing the name, likely followed by a numerical method description."
9,0.056172904,0.9719137, other,1008,57,512,139.71265,True,1. Introduction {#sec1-sensors-23-07059}\nOnshore transmission/distribution oil/gas pipelines are major energy systems to transport and deliver energy to power communities and other end users. These pi,"Technical paper structure: Chinese academic article format with abstract introducing a sensor-based monitoring framework for pipeline integrity, establishing scientific context around ultrasonic detection.\n\nThe sentence ""Besides corrosion, pipeline integrity degradation can be attributed to various factors such as mechanical damage, fatigue, and other"" mirrors a list pattern suggesting additional hazards or failure mechanisms, continuing the broader context of asset health degradation.\n\nFinal token ""other"" ends an incomplete noun phrase (""and various failures, corrosion and other""), part of a parallel list of causes (""due to corrosion, fatigue and other factors and other""), strongly expecting ""physical hazards"" or ""degradation factors"" or ""non-mechanical threats"" or ""structural damages."""
10,0.05641342,0.97179306, Jeremy,27118,17,512,107.731735,True,"PEP: 1 Title: PEP Purpose and Guidelines Author: Barry Warsaw, Jeremy\nHylton, David Goodger, Alyssa Coghlan Status: Active Type: Process\nCreated: 13-Jun-2000 Post-History: 21-Mar-2001, 29-Jul-2002,\n03","Technical Python documentation format with a quoted code snippet, suggesting a Python mailing list or PEP reference context about the `__import__` module.\n\nThe phrase ""Originally proposed by Guido van Rossum, with contributions from Jeremy"" implies a list of contributors or a name pair, likely a well-known Python developer or community figure related to the `__main__` concept.\n\nFinal token ""Jeremy"" is mid-name in an incomplete attribution (""Contributors: Guido, Jeremy""), part of a parenthetical attribution clause (""This module was originally named...""), strongly expecting ""Schafer"" or ""Hindle"" or ""Katz"" to complete the contributor's name."
11,0.0576707,0.9711646,8,23,67,323,117.87219,True,"The Spirit Photographs of William Hope\n\nAug 8, 2011\n\n\n\nThis remarkable collection of photographs was unearthed in a Lancashire antiquarian bookshop by one of the curators at the National Media Museum.","Wikipedia article format with structured biographical description of a Victorian spiritualist photographer, establishing historical context and characteristics of the ""Spiritualised"" plant.\n\nThe phrase ""English photographer William Henry Harrison, born 18"" signals a date or name reference, likely a famous figure's credentials or lifespan, following a pattern of naming the subject's claimed abilities.\n\nFinal token ""18"" is mid-number in a birth year (""born 18""), part of a parenthetical attribution clause (""His name was William Henry Harrison, 18""), strongly expecting ""55"" or ""65"" or ""75,"" completing a historical date for the subject."
12,0.05780249,0.9710988, Tri,12359,83,118,106.529274,True,"My Little Pony: The Ponies of Equestria (Johnsonverse)\n\n\n\nMane Six\n\n * Octavia Melody (Kazumi Evans) is a musician. \n * Lyra Heartstrings (Ashleigh Ball)\n * Sweetie ""Bon Bon"" Drops (Chantal Strand)\n\nA","Fan fiction format with character dialogue and descriptive prose about a Disney cartoon, implying a list of villains or heroic figures from the show.\n\nThe phrase ""But when she was absent, Fluttershy and Tri"" suggests a second named villain or character list item, likely a second term from a specific story element or canon, possibly ""Trixie"" or similar villainous or neutral figure.\n\nFinal token ""Tri"" is a truncated word mid-list ("" Tri""), part of a comma-separated list of named villains or attributes (""And Tri...""), strongly expecting a continuation like ""xie"" or ""angle"" or ""Starlight's Magic"" or ""angles"" describing a combined force."
13,0.058184,0.97090805, and,323,67,222,144.74023,True,"  Synthetic data offers the promise of cheap and bountiful training data for\nsettings where labeled real-world data is scarce. However, models trained on\nsynthetic data significantly underperform when","Academic paper abstract format with structured claims about self-supervised learning for visual grounding, establishing a novel method for reducing captioning complexity via gradient masking.\n\nThe phrase ""We propose a simple and"" signals a title or abstract claim structure, promising the method's proposed technique is ""simple and effective,"" continuing the abstract's description of a proposed method.\n\nFinal token ""and"" is a conjunction mid-phrase (""a simple and""), part of a parallel list (""This method is a simple and simple and...""), strongly expecting a noun like ""effective"" or ""efficiently scalable"" or ""generalizable technique that"" or ""easy-to-implement regularization strategy that achieves...""."
14,0.05828575,0.9708571, Nik,21573,124,312,108.447716,True,"Red Ink Awards\n\nThe Red Ink Awards, also known as the Red Ink Awards for Excellence in Indian Journalism, are a set of annual awards given by the Mumbai Press Club in India to recognize excellence in ","Indian newspaper headline format with historical context around Indian TV's political coverage, listing prominent news anchors and journalists.\n\nThe phrase ""Among them, veteran journalist Barkha Dutt, and Nik"" suggests a third name or list of names associated with a specific news channel's reporting style or stance, likely a prominent Indian journalist or celebrity figure with a particular viewpoint or award.\n\nFinal token ""Nik"" is a truncated surname mid-list ("" Nik""), part of a name enumeration (""Journalist: Rajdeep Sardesai, Nik...""), strongly expecting a surname continuation like ""Sengupta"" or ""Sharma"" or ""Kumar's reporting"" or ""of truth."""
15,0.059078313,0.97046083, a,264,29,512,125.59271,True,"Tool holder system and method of use\n\nABSTRACT\n\nAn improved tool holder system and method of using the same is disclosed, characterized by use of a plural extension member assemblies which permit the ","Technical patent document or product description format establishes an abstract describing a tool or device for wellbore assembly, implying invention disclosure language.\n\nThe phrase ""An improved cartridge loading system for a fluid handling tool is disclosed wherein a changeable grip mechanism is characterized by"" strongly implies a noun phrase describing a novel assembly or component design feature, likely a single integrated housing or interchangeable element.\n\nFinal token ""a"" is an indefinite article mid-phrase (""characterized by use of a""), part of a claim or description clause structure (""wherein the system utilizes a""), immediately requiring a noun like ""composite housing,"" ""multiple interchangeable connector,"" or ""centralized locking mechanism and/or sensor assembly."""
16,0.059233468,0.9703831, provide,3410,148,512,138.16753,True,"Draft - Introduction To Computer Applications\nOverview\nPhoto by freestocks on Unsplash\nThe focus of this class is on learning the basics of commonly used computer applications, web concepts, multimedi","Academic/educational faculty course description format with instructor bio listing course objectives and outcomes for an online Communication Technology course.\n\nThe sentence structure ""This course will provide an introduction to basic computer literacy skills along with foundational math concepts. The course will also provide"" suggests a continuing list of course goals or program offerings, likely adding another item about academic or career preparation or technology literacy resources.\n\nFinal token ""provide"" ends an incomplete clause (""This course will also provide""), part of a parallel list structure (""This course will also provide...""), strongly expecting noun phrases like ""students with an introduction to research skills"" or ""additional opportunities for students to learn about information literacy and technology."""
17,0.05933555,0.97033215, Mend,45111,17,38,104.794914,True,Trinidad & Tobago: Poetry in the Mas’ · Global Voices\nJanine Mendes-Franco\n\nTrinidad & Tobago Carnival inspires a poem by blogger Andre Bagoo.,"Malay-language literary article format with cultural/arts context, suggesting a headline or article about Filipino cinema and social justice.\n\nThe phrase ""The writer, Rose Mend"" appears to be a name or author identifier, likely a Filipino artist or researcher's name, implying a concluding or personal note about the book's contributors or cultural identity.\n\nFinal token ""Mend"" is a truncated surname mid-word (""Rose Mend""), part of a name or attribution clause (""Author: Susan Mend...""), strongly expecting a continuation like ""zon"" or ""son"" or ""a"" or ""el's"" or ""zine,"" completing a personal or collective identity reference about the writer's perspective."
18,0.059350394,0.9703245, De,1581,189,512,99.75598,True," The floor is lava and rocks fall from the sky. You grapple between rocks, avoiding death at the bottom and climbing to outmaneuver your opponents and gain the higher ground so that you can punch them","Game design article with informal tone and visual description of a video game asset, listing creative features and mechanics around a superhero character.\n\nThe sentence ending ""Another creator, Scott Landis and Dan De"" appears to be citing a developer or industry figure with a credentials or quote, suggesting a second name or technical detail about animation or game design philosophy, likely a film or animation company.\n\nFinal token ""De"" is a truncated surname mid-phrase (""Dan De""), part of a parenthetical credentials list (""artist Scott Landis and Dan De""), strongly expecting ""Layton"" or ""Layton"" or ""Kirkwood"" or similar, completing a developer's name."
19,0.060594417,0.96970296, important,2989,15,512,151.4374,True,"Systemic Vulnerability of Swiss Power Grid to Natural Events\n\n. It is important to increase the security and robustness of power grids under a variety of events. In this case, “vulnerability analysis”","German scientific paper structure with technical abstract format presenting a study on road traffic emissions in Switzerland, introducing a model for stormwater quality.\n\nThe phrase ""It is important"" signals a common academic framing clause, likely continuing the introduction's argument about sustainability and climate change monitoring, implying a statement about the assessment of infrastructure resilience or traffic safety metrics.\n\nFinal token ""important"" opens a quoted claim (""It is important""), directly continuing the introductory argumentative context (""It is important""), strongly expecting a noun phrase like ""to understand the carbon cycle"" or ""for countries to assess the vulnerability of society"" or ""to have reliable data on climate change impacts,"" completing the thesis."
20,0.060626652,0.96968675, William,12375,14,512,109.22686,True,"Lost in Translation\nProust and Scott Moncrieff\nBy William C. Carter\nNovember 13, 2013\n\nScott Moncrieff's English translation of Proust's A la recherche du temps perdu is widely hailed as a masterpiece","Literary critical book description format with scholarly tone, suggesting a book about Dickens's novel ""The Mystery of Edwin Drood,"" likely an essay or article.\n\nThe phrase ""A fascinating new biography of Victorian literature, by James Wood, with a fresh and provocative account"" implies a concluding attribution or author name, likely a scholar's name or scholarly work follows.\n\nFinal token ""William"" is the start of a surname (""William""), part of an attribution clause (""By: William""), strongly expecting a surname like ""Friedman"" or ""Hunt"" or ""McIntyre"" or ""Scholes,"" completing a scholarly or literary critic's name about the book's context."
21,0.061390363,0.9693049, Ul,16582,98,512,105.19526,True,"# Bessel-beam direct-write of the etch-mask in a nano-film of alumina for\nhigh-efficiency Si solar cells\n\nTomas Katkus1, Soon Hock Ng1, Haoran Mu1, Nguyen Hoai An Le1, Dominyka\nStonytė2, Zahra Khajehs","Scientific article structure with Polish-language physics title and abstract format, listing experimental findings about graphene's optical properties and quantum chemistry.\n\nThe phrase ""And Lithuanian scientists Andrius Ul"" suggests a second surname or researcher name ending, likely a third contributor or a compound noun related to experimental equipment or visualization methodology, possibly ""Ulanovskis"" or similar.\n\nFinal token ""Ul"" is a truncated surname mid-word (""Vadimas Ul""), part of a list of researchers (""Lithuanian scientist Vaidas Ul... and Andrius Ul""), strongly expecting ""anis"" or ""isovskis"" or ""Kulakov's"" to complete."
22,0.06201809,0.9689909, our,1039,198,202,124.84022,True,"  Content-based image retrieval (CBIR) is one of the most active research areas\nin multimedia information retrieval. Given a query image, the task is to search\nrelevant images in a repository. Low lev","Indian academic paper structure: Abstract format with technical methodology describing a proposed hybrid feature extraction approach for Indian Sign Language recognition using fuzzy clustering.\n\nThe sentence ""We have carried out the performance evaluation of the proposed method by comparing the existing datasets with other existing methods and found the efficiency of our proposed model"" implies a concluding claim, strongly suggesting the method's proposed model is superior or novel.\n\nFinal token ""our"" ends an incomplete noun phrase (""so efficiency of our""), part of a concluding claim clause (""Thus validation of results by incorporating different features leads to the success of our""), expecting ""method"" or ""proposed approach"" or ""model"" or ""methodology."""
23,0.06220106,0.96889955, Bart,28527,25,49,111.05613,True,Changed promu and release building to Go 1.13.1 as well.\n\n\nUpdated docs.\nSigned-off-by: Bartek Plotka<EMAIL_ADDRESS>\n\nMerging as we have partial Go 1.13 move without this.\n,"Technical Go/CLI tool description format with a commit message header, suggesting a GitHub or similar open-source project status update about the `k8s` package.\n\nThe phrase ""Error: Reported by: Bart"" implies a contributor or author name or attribution, likely a username or name following a list or issue context, suggesting a developer's name or contribution note.\n\nFinal token ""Bart"" is a truncated name mid-phrase (""Author: Bart""), part of an attribution or contributor label, strongly expecting a surname or continuation like ""Kowalski"" or ""Schmitt"" or ""Hendrix"" or ""is a performance optimization"" describing the script's behavior."
24,0.0625004,0.96874994, David,6798,384,512,107.807816,True,"11\nDiversity and Inclusion in the Workforce\nLearning Objectives\nBy the end of this section, you will be able to:\n- Explain the benefits of employee diversity in the workplace\n- Discuss the challenges ","Marketing/business article tone with expert advice on workplace culture and communication, blending business and social science concepts around employee engagement and productivity.\n\nThe sentence ""Some experts have argued that authenticity matters in leadership. David"" suggests a specific quote or example follows, likely a named expert or research finding about leadership or organizational culture, continuing the list of factors or a concluding insight.\n\nFinal token ""David"" is a proper noun mid-sentence (""David""), part of a name attribution clause (""One expert's view: David""), strongly expecting a surname or descriptor like ""Kotter"" or ""Schwartz has noted"" or ""Bassett argues that employees are..."" completing the expert's perspective."
25,0.063771226,0.96811473, Listen,32149,139,409,154.36005,True,"Importance of Knowing How to Summarize Oral Information\nIn today’s world we are inundated with too much information, so knowing how to effectively summarize information is an important skill to acquir","Educational/Professional instructor format with numbered tips for effective presentations, establishing a structured list pattern with practical advice about communication and note-taking for a business meeting.\n\nThe paragraph opening ""To understand and remember a speaker's message, first: Listen"" signals the first tip item, immediately listing listening behaviors like active listening, eliminating distractions, or focusing on the speaker's message.\n\nFinal token ""Listen"" is mid-item in a bulleted list ("" Listen""), part of the first tip's instructional sequence (""1. Listen""), strongly expecting continuation like ""carefully"" or ""to the entire message"" or ""for key points"" or ""and take notes"" or ""with intent to understand."""
26,0.063918956,0.96804065, should,1265,145,412,139.59424,True,"Digital Scholarship\nThe digital scholarship literacy requires learners to “participate in academic, professional, and research practices that depend on digital systems” (JISC, 2014). Digital scholarsh","Educational/academic blog format establishes structured content around library literacy and digital communication skills, with professional tone defining and emphasizing importance of information literacy.\n\nThe sentence pattern ""Students of information literacy should be familiar with accessing and utilizing digital resources. Students should develop a strong understanding of research practices and digital literacy."" implies a list continuation listing additional responsibilities or goals for students regarding library education.\n\nFinal token ""should"" ends mid-clause (""Students should""), directly continuing the parallel list structure (""Students should have a strong foundation in research practices and access to resources. Students should""), expecting a verb phrase like ""also be able to critically evaluate"" or ""also understand the importance of creating their own knowledge."""
27,0.06407339,0.9679635, O,506,11,512,102.84951,True,"# Notes for Neighborly Partitions\n\nKathleen O’Hara and Dennis Stanton  317 N. Broad St. Apartment 820,\nPhiladelphia, PA 19107<EMAIL_ADDRESS>School of Mathematics,\nUniversity of Minnesota, Minneapolis,","Mathematical exposition format with a title and abstract structure, suggesting a journal or blog post about combinatorial geometry and graph theory.\n\nThe phrase ""Professor O"" suggests a named mathematician or researcher's name, likely a contributor or author, implying a closing phrase or attribution about a specific mathematical property or conjecture about the set of points.\n\nFinal token ""O"" is the start of an incomplete name ""Susan O,"" part of a name attribution or variable declaration (""Mathematician Susan O""), strongly expecting a surname continuation like ""Keefe"" or ""Morrison"" or ""Sullivan"" or ""of the Mathematics Department,"" completing the author's name."
28,0.06475238,0.9676239, be,387,21,141,143.82265,True,"  To deal with the ever increasing data rate demand in wireless systems,\nsuitable backhaul solutions have to be found. One option is to use LOS MIMO\nsystems at mmWave frequencies, as high bandwidths a","German technical paper structure with academic/technical language describing wireless communication systems, focusing on millimeter wave propagation for automotive applications.\n\nThe phrase ""Due to the increasing traffic demands for future mobile networks, efficient and reliable transmission solutions have to be"" implies a logical continuation establishing a problem context, strongly suggesting a phrase about ""developed solutions"" or ""found"" or ""implemented to handle congestion.""\n\nFinal token ""be"" ends an incomplete passive construction (""appropriate communication technologies must be""), part of a requirement clause (""Thus, appropriate networking solutions must be found...so appropriate backbone technologies must be""), expecting a noun phrase like ""developed"" or ""found"" or ""considered for energy efficiency."""
29,0.06521803,0.967391, Carlos,29297,28,65,103.844345,True,Santos Vega (1917 film)\n\nSantos Vega is a 1917 Argentine silent historical film directed by Carlos de Paoli. It is based on the story of the legendary gaucho Santos Vega.\n\nCast\n\n * José Juan Podestá a,"Wikipedia-style film entry format with Spanish-language cultural context, describing a Argentine film series about detective fiction.\n\nThe phrase ""The Argentine filmmaker Luis Gallo directed a series of films called El Pueblo, written by Carlos"" strongly implies a named director or creator, likely a historical figure or literary reference, suggesting a filmography or production context clause follows.\n\nFinal token ""Carlos"" is mid-name (""Carlos""), part of an attribution clause (""dirigido por Carlos""), immediately requiring a surname or name continuation like ""Gardel"" or ""Sastre"" or ""Ricciarelli,"" completing the credited director or literary figure associated with the film's production."
30,0.065353744,0.9673228, easy,4135,197,512,138.06645,True,No-rinse hair cleansing formulation and wipes\n\nABSTRACT\n\nA no-rinse cleansing composition comprising a formulation comprising one or more ingredients of Table 1 or one or more ingredients of Table 2 o,"Patent/technical product description format with scientific/chemical terminology describing a hand held toothpaste product with antimicrobial wipes.\n\nThe sentence structure ""This invention provides an easy"" signals a concluding claim or benefit statement, establishing the product's purpose around a hygiene product solution for hand washing and oral care, implying continuation about the product's convenience or single-use benefit.\n\nFinal token ""easy"" is mid-phrase (""An easy""), part of a list or claim structure (""This invention provides an easy""), strongly expecting a noun phrase like ""to consume oral hygiene product"" or ""and convenient method of hand washing solution"" or ""way to eliminate the need for traditional toothpaste application."""
31,0.065382555,0.9673087, aggressive,19188,57,512,138.12323,True,"Methods for diagnosing, prognosing and managing treatment of breast cancer\n\nABSTRACT\n\nThe present invention relates to methods and compositions for the care of breast cancer, from diagnosis to treatme","Medical Spanish scientific article structure: abstract format with ""Research Article"" header suggests scientific context around a compound's effect on breast cancer cells.\n\nThe phrase ""The findings show that a deregulated miRNA expression could lead to a more aggressive"" implies an abstract introducing a study finding about miRNA expression correlation with breast cancer aggressiveness or tumor behavior, likely continuing a cancer biology context.\n\nFinal token ""aggressive"" ends mid-phrase (""a more aggressive""), part of a noun phrase describing a biological characteristic (""associated with a more aggressive""), strongly expecting a noun like ""tumor phenotype"" or ""form of breast cancer"" or ""tumor behavior"" or ""type of breast cancer progression."""
32,0.06566625,0.9671668, by,553,27,113,114.51268,True,"The Phantom of the Opera (1925)\n\nSep 17, 2011\n\n\n\nFirst film adaptation, directed by Rupert Julian, of Gaston Leroux's novel. The film features Lon Chaney in the title role as the deformed Phantom who ","Historical article format with trivia format (""A classic silent film""), establishing a description of the movie ""The Invisible Woman"" with its famous horror story.\n\nThe phrase ""The 1933 film version was directed by"" signals a credit attribution, following a film history context, strongly implying a director's name and production details about the silent film adaptation.\n\nFinal token ""by"" ends an incomplete phrase (""directed by""), part of a credit list (""A 1933 film, directed by""), immediately requiring a director's name or production company name like ""Victor Sjöström"" or ""William Dieterle and using special effects."""
33,0.06573405,0.967133, and,323,95,219,127.253586,True,"  An Intrusion Detection System (IDS) aims to alert users of incoming attacks\nby deploying a detector that monitors network traffic continuously. As an\neffort to increase detection capabilities, a set","Academic paper structure: Egyptian researcher presenting a technical paper on privacy-aware IoT security, with formal academic tone discussing data-centric approaches and optimization challenges.\n\nThe phrase ""Recently, evolving trends and"" suggests a second clause introducing a related context or findings about current privacy challenges or trends in IoT data collection, likely a citation or claim about recent research directions or standards.\n\nFinal token ""and"" is a conjunction mid-phrase (""Recent trends and""), part of a list or clause (""Recent trends and trends and""), immediately requiring a noun phrase like ""developments have shown"" or ""requirements suggest"" or ""challenges in privacy"" or ""advances have highlighted the need for...""."
34,0.0660551,0.9669725, Amy,28693,12,139,115.63912,True,"Etsy Find: Felted Pancakes\nBy: Amy Jeanroy\nPublished: February 26, 2012\n\nWhat's more fun than pancakes? A Felted Pancake Set for the play kitchen, of course! Take a look at a Foodista favorite: Creati","Blog-style home décor post with casual tone and DIY focus, suggesting a product or blog listing format about a local farmer's market store.\n\nThe phrase ""My latest DIY blog post: A beautiful home decor photo series... By Amy"" implies a credit or author name, likely a blogger or writer's name, suggesting a personal blog or DIY resource context.\n\nFinal token ""Amy"" is mid-name (""By Amy""), part of a credit attribution or author identifier (""Blog: By: Amy""), strongly expecting a surname or continuation like ""Keller"" or ""Larson"" or ""Hartman"" or ""of Green Living,"" completing the author's name or credit."
35,0.066204086,0.9668979, to,311,148,512,137.02374,True,12.10.3: Agile and Lean Methods\n-\n- Last updated\n- Save as PDF\nAgile Methodologies\nAgile methodologies are a group of methodologies that utilize incremental changes with a focus on quality and attenti,"Corporate/business book format with structured chapters describing agile software development methodology, establishing practical advice about project management and product development.\n\nThe sentence ""Project management process is iterative with daily standups to track progress; daily meetings to"" lists characteristics of agile development, with a pattern of defining practices (""Daily status meetings to track progress""), implying a second clause describing team communication or planning activities.\n\nFinal token ""to"" ends an infinitive phrase mid-clause (""Daily status meetings to... daily status meetings to""), part of a definition list structure (""Weekly status meetings with daily check-ins to track progress""), expecting a verb like ""monitor progress"" or ""share information"" or ""ensure alignment and feedback."""
36,0.06662504,0.9666877, Kas,37542,23,512,106.15071,True,"# Threshold Saturation on Channels with Memory via Spatial Coupling\n\nShrinivas Kudekar1 and Kenta Kasai2  \n  \n  \n1 New Mexico Consortium and Center for Non-linear Studies, Los Alamos National\nLaborato","Mathematical paper title format with ""arXiv"" notation suggests a technical abstract describing a quantum algorithm, likely a Japanese researcher's contribution to tensor network theory.\n\nThe phrase ""Recently, Masahito Hayashi and Kazunari Kas"" implies a second author name or a named variable, likely a Japanese researcher's name or a related result about quantum state compression or security.\n\nFinal token ""Kas"" is a truncated surname mid-phrase (""Takeshi Kas""), part of a list of authors or contributors (""Yoshida and Hiroshi Kas""), strongly expecting ""ahara"" or ""hara"" or ""solved"" or ""the random variable"" completing the name."
37,0.06693334,0.9665332, coronary,65198,25,512,133.06796,True,Open Access\nOpen Peer Review\n\nThis article has Open Peer Review reports available.\n\nHow does Open Peer Review work?\n\nDevelopment of coronary artery stenosis in a patient with metastatic renal cell car,"Medical/academic paper title format with Greek letter ""Eur Heart J"" suggesting a scientific abstract or study context about cardiac physiology or risk factors.\n\nThe phrase ""Development of coronary"" strongly implies a noun phrase or study title about a medical condition or biomarker, likely ""coronary artery disease"" or similar cardiovascular topic, suggesting continuation of a research context about stress testing or heart function.\n\nFinal token ""coronary"" is mid-phrase (""development of coronary""), part of an incomplete noun phrase or title structure (""Evaluation of coronary""), immediately expecting a noun like ""artery calcium scores"" or ""heart failure models"" or ""stress scores"" or ""vascular vulnerability patterns."""
38,0.06694965,0.96652514, comprises,39995,38,512,129.05415,True,Repair options for PV modules with cracked backsheets\n\nThe paper provides a comprehensive overview of possible strategies for the repair of cracked polyamide‐based backsheets. A repair process has bee,"German scientific/technical article structure with academic/industrial context on ceramic coating repair of lithium-ion batteries, establishing a case study format.\n\nThe sentence ""A repair process for damaged carbon fibre substrates has been developed, which comprises"" signals an enumerated list or procedure description, promising specific steps or methods for surface preparation, removal, and consolidation of cracks.\n\nFinal token ""comprises"" is mid-sentence in a list definition clause (""The repair process comprises a procedure that comprises""), immediately requiring noun phrases describing the sequential steps or materials involved, likely ""two main steps,"" ""chemical cleaning,"" ""removal of defects,"" or ""several chemical treatments and mechanical preparation."""
39,0.06695164,0.96652406, in,304,63,512,137.74687,True,"Bioactive Triterpenes of Protium heptaphyllum Gum Resin Extract Display Cholesterol-Lowering Potential\n\nHypercholesterolemia is one of the major causes of cardiovascular disease, the risk of which is ","Scientific article structure: Croatian medical journal format with formal academic tone discussing lipid metabolism and cardiovascular disease, defining PCSK9.\n\nThe sentence ""Treatment of hyperlipidemia often involves not only pharmacological interventions but changes in"" establishes a list pattern of risk factors/management strategies, likely referencing lifestyle changes like diet, exercise, or diet modification common in metabolic disorders.\n\nFinal token ""changes in"" is mid-phrase within ""Changes in,"" part of a listed risk factor clause (""Changes in""), directly continuing the example ""Reduction of risk through changes in diet,"" strongly expecting ""dietary habits,"" ""lifestyle,"" or ""dietary intake, physical activity, and obesity."""
40,0.067034036,0.9664832, Mer,8755,44,74,102.80171,True,"\n    The People of the State of New York, Respondent, v. Emanuel Rosen, Appellant, Impleaded, etc.\n   Judgment affirmed. No opinion. Present — Dowling, P. J., Merrell, Martin, O’Malley and Proskauer, ","Legal case law format with New York State court ruling, describing a criminal statute (""People v. Smith""), suggesting a judicial opinion or statute citation.\n\nThe phrase ""At oral argument, Judges Cardozo and Mer"" suggests a list of judges or justices names, likely a New York State court ruling format with additional legal terms or procedural details following.\n\nFinal token ""Mer"" is a truncated surname mid-citation ("" Judge Mer""), part of a parenthetical attribution clause ("" Judges Cardozo and Mer...""), strongly expecting completion like ""linson"" or ""Kleinman"" or ""Kane, and"" or ""fied, and"" continuing the judge names."
41,0.067146674,0.96642685, GF,40026,180,512,112.86391,True,The Accuracy of Semi-Empirical Quantum Chemistry Methods on Soot Formation Simulation\n\nSoot molecules are hazardous compounds threatening human health. Computational chemistry provides efficient tools,"Scientific chemistry paper format with a citation structure listing methods for molecular geometry optimization, implying a list of empirical methods for water molecules.\n\nThe phrase ""Some recent studies have used several models: B3LYP, PM6, GF"" suggests an acronym or specific method name follows, likely a second quantum chemistry model or a particular parameter set related to the G3D dataset.\n\nFinal token ""GF"" is an incomplete acronym mid-list ("" GF""), part of a third method name or model designation (""two models: GF...""), strongly expecting a continuation like ""3D"" or ""WNN"" or ""MP2"" or ""DMO"" — a specific quantum chemical parameter."
42,0.06728882,0.96635556, a,264,377,426,122.30707,True,"  We describe the interplay between stellar evolution and dynamical mass loss\nof evolving star clusters, based on the principles of stellar evolution and\ncluster dynamics and on a grid of N-body simul","German astrophysical paper with technical physics abstract describing stellar evolution models for dense clusters, presenting quantitative results on mass loss and velocity distributions.\n\nThe sentence structure ""We present a detailed analysis of the mass-loss behavior and derive a simple analytic model"" suggests a concluding list or additional findings, likely another model or approximation or numerical tool for the cluster evolution.\n\nFinal token ""a"" is an indefinite article mid-sentence (""We also present a""), part of a third listed item (""We also present a...""), strongly expecting a noun phrase like ""new empirical formula"" or ""simple estimate for the probability distribution"" or ""method to predict the total energy budget."""
43,0.067328855,0.9663356, health,2820,346,512,138.77054,True,There has been an alarming increase in infections caused by antimicrobial-resistant pathogens. These infections are responsible for more than half a million deaths globally each year. Staphylococcus a,"Indian scientific article structure with academic format presenting a research article on bacterial pathogens, focusing on antibiotic resistance mechanisms of Enterobacter species.\n\nThe sentence ""Infections caused by Staphylococcus aureus are a major public health"" begins a context clause about the disease burden and its impact, likely continuing with a health burden or societal cost statement about bacterial infections.\n\nFinal token ""health"" ends mid-phrase (""a significant health""), part of an incomplete noun phrase (""Contributes to a significant health...""), strongly expecting ""burden"" or ""problem globally"" or ""issue in society"" or ""risk and mortality burden,"" completing the introductory context about bacterial diseases causing societal harm."
44,0.067429446,0.96628547,",",11,59,101,135.51405,True,"Stella Maris (1918)\n\nDec 4, 2011\n\n\n\nA 1918 silent film staring Mary Pickford, directed by Marshall Neilan, written by Frances Marion and based on William J. Locke's novel. Stella Maris, a beautiful, c","Historical fiction novel description format with literary biography tone establishes a story about a silent film star's career, implying a classic novel excerpt.\n\nThe sentence structure ""A beautiful, tragic heroine named Anna is a wealthy, "" begins a character description listing qualities of a young woman named Anna, strongly implying a parallel narrative about her virtue or tragic fate related to a convent or social status.\n\nFinal token ""beautiful,"" mid-listing (""a beautiful, ""), part of an incomplete character description clause (""A proud, a beautiful, ""), expects a noun phrase like ""innocent young woman"" or ""wealthy and troubled"" or ""beautifully gifted but troubled girl who becomes a social outcast."""
45,0.06771607,0.96614194,9,24,100,512,125.571304,True,"[Federal Register Volume 67, Number 129 (Friday, July 5, 2002)]\n[Pages 44842-44843]\n[FR Doc No: 02-16757]\n\n\n=======================================================================\n--------------------","Legal/official government document format with formal regulatory language describing carrier rules, establishing a definition and statute reference pattern.\n\nThe phrase ""The Shipping Act of 1935"" mirrors a familiar statutory reference (""the Shipping Act of 1935""), strongly implying the text is citing the original U.S. Shipping Act legislation, completing the statutory context about carrier rate regulations.\n\nFinal token ""19"" is mid-number in ""the Shipping Act of 19,"" part of a parenthetical statutory citation (""the Federal Trade Act of 19""), immediately requiring ""35"" to complete the year, then likely ""35"" or ""Act, amended."""
46,0.06791804,0.96604127, and,323,296,305,139.62318,True,6.1: Introduction to Provide for Basic Nursing Care Needs\nLearning Objectives\n- Carry out the basic nursing skills required for the nursing assistant\n- Adapt care to meet the physical needs of the agi,"Nursing education format with professional healthcare content establishes structured learning objectives around patient care and patient care procedures for nursing assistants.\n\nThe sentence ""Caring for a patient's death requires knowledge and skills to provide safe and appropriate care"" continues a paragraph describing the nursing process steps, with ""How to perform death care tasks safely and"" implying a concluding clause about professional competence or compassionate practice.\n\nFinal token ""and"" is a conjunction mid-phrase (""safe and""), part of a parallel list (""To perform safely and""), completing a question about how to perform death care tasks with appropriate techniques and ethics — expects ""effectively"" or ""efficiently provide care"" or ""ethically manage bodily care."""
47,0.06811094,0.96594465, by,553,34,101,116.823265,True,"Stella Maris (1918)\n\nDec 4, 2011\n\n\n\nA 1918 silent film staring Mary Pickford, directed by Marshall Neilan, written by Frances Marion and based on William J. Locke's novel. Stella Maris, a beautiful, c","Historical film article format with trivia context establishes a movie description, likely a classic film reference about a silent comedy film.\n\nThe phrase ""The 1925 film 'The Women' was an early production of Mary Pickford's biopic, directed by"" signals a credit listing, implying a director and directorial credit follows, continuing the ""made with Douglas Fairbanks"" context.\n\nFinal token ""by"" ends an incomplete credit phrase (""directed by...directed by...""), part of a credit list structure (""a silent film, directed by...""), strongly expecting ""King Vidor"" or ""William Wellman and others"" or ""John Ford, and featuring."""
48,0.06829722,0.96585155, demonstrate,19869,252,512,130.48802,True,acmcopyright\n\n# Unsupervised Method to Localize Masses in Mammograms\n\nBilal Ahmed Lodhi  \n  \n  \n  \nKorea University  Seoul  Republic of Korea<EMAIL_ADDRESS>\n###### Abstract\n\nBreast cancer is one of th,"Indian researcher's academic paper format with abstract structure describing proposed algorithmic method for image segmentation using CNN and PSO technique.\n\nThe sentence ""Experimental results and performance evaluation of proposed algorithm on various benchmark datasets are presented. Results demonstrate"" signals a concluding claim, implying the results' superiority or effectiveness metrics are expected next, completing the abstract's summary statement about the proposed method's performance.\n\nFinal token ""demonstrate"" ends an incomplete clause (""Experimental results demonstrate""), part of a concluding summary claim structure (""Experimental results and findings of proposed method... demonstrate""), strongly expecting ""that our proposed method is superior"" or ""the proposed algorithm's effectiveness and accuracy"" or ""our results outperform."""
49,0.06837279,0.9658136, isolate,42123,46,512,132.65608,True,Filamentous fungi producing enzymes under fermentation in cassava liquid waste\n\nThe conversion of agroindustrial residues by microorganisms has been explored from fermentative processes to obtain seve,"Scientific Brazilian article structure: abstract format with keywords and methodology describing a microbiological process for sugarcane wastewater using fungal strains.\n\nThe phrase ""This work aims to isolate"" signals the introduction's purpose, strongly implying the next content continues with a research objective about fungal strains isolation from soil samples, likely listing or describing isolation methods or strains related to probiotic bacteria.\n\nFinal token ""isolate"" is mid-phrase (""to isolate""), part of the stated objective clause (""The objective was to isolate""), directly requiring a noun phrase like ""and characterize fungal strains"" or ""microorganisms from Brazilian soil sources"" or ""and characterize strains capable of biological control of pathogens."""
50,0.06880747,0.96559626, the,279,20,140,137.22603,True,World History Course Syllabus\nOverview\nThis course is designed for students to gain an understanding of the different eras of history which have created the world in which we live today. The course ex,"Educational/academic course description format with a course catalog or textbook webpage structure, implying a course overview defining World History.\n\nThe phrase ""This course is an introduction to World History that examines the"" strongly implies a definition or list of historical concepts, likely continuing with historical themes, civilizations, or global developments throughout human history.\n\nFinal token ""the"" is an article mid-phrase (""an understanding of the""), part of a definition clause (""This course examines the""), immediately requiring a noun phrase like ""major events,"" ""development of human civilization,"" or ""historical patterns and connections"" or ""world's major civilizations and their evolution."""
51,0.06915005,0.96542513, combined,10856,289,512,124.59621,True,"Cerebrospinal fluid (CSF) leak after posterior thoracolumbar surgery is mainly caused by incidental durotomy intraoperatively, especially in the occasion of dural adhesion with surrounding tissue or a","Medical Chinese journal article structure: Chinese medical case report format with abstract discussing treatment of knee osteoarthritis, focusing on traditional Chinese medicine combined with surgical methods.\n\nThe phrase ""In this study, we proposed a combined"" signals a new concept or method, likely introducing a specific therapeutic strategy or technique combination for treating knee cartilage defects, implying a novel treatment protocol.\n\nFinal token ""combined"" is mid-phrase (""a combined""), part of a noun phrase title or methodology description (""A proposed combined""), strongly expecting a noun like ""therapy method"" or ""method of tissue repair and chemical therapy"" or ""two-stage treatment strategy"" or ""hybrid technique using ultrasound and cryotherapy."""
52,0.06917481,0.9654127, Pend,62400,168,186,103.60607,True,2.17: Discussion- Search Results\nUse two different search engines to conduct the same search. Pick one of the following phrases to search:\n- big-box store\n- largest supermarket chain\n- brick and morta,"Educational/technical article format with a math blog post structure, discussing a Texas Instruments product's curriculum resources and student experiences.\n\nThe phrase ""My name is Dr. Tammy Pend"" suggests a named author or contributor, likely a personal account or faculty member's name following a credentials or biography context, implying a second name or attribution about the homeschooling or educational perspective.\n\nFinal token ""Pend"" is a truncated surname mid-word (""Dr. Tammy Pend""), part of a name attribution clause (""Former instructor Tammy Pend""), strongly expecting completion like ""ler"" or ""ley"" or ""ley's"" or ""ford's personal finance budget,"" continuing a personal or research context."
53,0.06960232,0.965199, dem,2429,64,161,113.54816,True,"Cherry Lime Mojito\nBy: Susan Keefe\nPublished: Tuesday, July 5, 2011 - 2:19pm\n\nIngredients\n\n\n\n\n4 cherries, pitted and quartered\n6 mint leaves\n1/4 lime cut into wedges\n1 1/2 teaspoons demerara sugar\n2 o","Recipe blog format with culinary description tone, suggesting a food pairing dish with seasonal ingredients like cranberry, orange, and rum.\n\nThe phrase ""For this holiday eggnog recipe, I used 1 cup sugar, dem"" implies a list of ingredients or a specific ingredient name, likely a flavoring or liquid substitute like ""simple syrup"" or ""demerara sugar,"" completing a culinary term.\n\nFinal token ""dem"" is a truncated word mid-phrase (""dem""), part of an ingredient list specification (""1 tablespoon dem...""), strongly expecting ""erara sugar"" or ""sucrose"" or ""anged syrup"" or ""inated alcohol"" to complete the flavoring qualifier."
54,0.06968748,0.9651564,'ve,3003,31,97,143.43906,True,Bay Area native with a strong appetite for technology and the latest musical trends. I have been developing websites professionally since October of 2016. I've been told that I have a strong eye for v,"Creative professional bio/artist intro tone establishes a portfolio-style self-promotion format with casual yet professional voice.\n\nThe sentence structure ""I'm a freelance graphic designer based in Los Angeles. I've been creating websites for over 5 years and have experience in a variety of styles."" implies a continuation listing skills or accomplishments, likely continuing the ""My career history"" clause with additional experience details or services.\n\nFinal token ""I've"" is mid-clause (""I've""), part of a parallel list (""As a developer I've worked with multiple clients...""), strongly expecting a verb like ""worked with numerous projects,"" ""developed skills in,"" or ""also ventured into UX and coding."""
55,0.06971659,0.9651419, Indonesian,58829,11,216,136.8278,True,"Muhammad Rais\n\nMuhammad Rais is an Indonesian convicted in May 2004 for involvement in the 2003 Marriott Hotel bombing, which killed 12 people and wounded over 150. He is a member of Jemaah Islamiyah ","Bilingual literary/artist bio format with a title ""Arief Anbiya: A Contemporary Indonesian Poet"" suggests a literary or cultural context about a writer's work.\n\nThe phrase ""He is an Indonesian"" strongly implies a second noun phrase naming a person or figure, likely a scholar, artist, or activist, continuing the bio context about Southeast Asian politics or cultural identity.\n\nFinal token ""Indonesian"" is mid-noun phrase (""is an Indonesian""), part of a name or descriptor list (""He is an Indonesian""), immediately expecting a noun like ""writer,"" ""artist,"" ""political scientist,"" or ""historian who specializes in..."" or ""famous blogger."""
56,0.06981887,0.9650908, the,279,171,512,131.68037,True,"China\nOverview\nStatewide Dual Credit Modern World History: Unit 4, Lesson 2\nDiscussion of the Ming dynasty in China, which ruled from 1368-1644. It covers the rise and fall of the dynasty, as well as ","Historical/academic article format with structured analysis of Chinese dynasty, describing economic and military decline during the Ming dynasty's early years.\n\nThe sentence ""The fiscal and military difficulties of the mid-seventeenth century weakened the Ming dynasty's central authority. As corruption and rebellion grew, the dynasty's foundations began to crumble"" establishes a causal clause describing government instability that undermined the dynasty's strength.\n\nFinal token ""the"" is an article mid-noun phrase (""this undermined the""), completing a historical claim about Yongle's failures weakening the Ming dynasty; expects a noun like ""dynasty's stability"" or ""government's financial foundations"" or ""Ming dynasty's authority and effectiveness."""
57,0.06985072,0.9650746, significant,5089,52,512,135.1178,True,"**5. Insecticide and insectistatic activity of plant lectins**\n\nThere are several evidences for the defensive role of vegetal lectins in protecting plants against insect pests [108–110], and lectins a","Scientific Spanish article structure: abstract format with technical terms about plant secondary metabolites and antioxidant compounds, discussing biological activities related to medicinal plants.\n\nThe phrase ""In recent years, the compounds derived from fungi are acquiring a growing importance and they are receiving a significant"" suggests a clause continuation referencing research interest or scientific attention context, implying a second claim about plant biology's research importance.\n\nFinal token ""significant"" ends mid-phrase (""are receiving a significant""), part of a parallel structure (""Although these compounds are receiving a significant interest, they are receiving a significant""), strongly expecting ""attention"" or ""research interest"" or ""interest in developing new pharmacological applications"" completing the claim."
58,0.069876626,0.9650615, the,279,47,512,139.06274,True,Efficacy of Acupuncture for Bell’s Palsy: A Systematic Review and Meta-Analysis of Randomized Controlled Trials\n\nAcupuncture has emerged as an alternative therapy for Bell’s palsy in both adults and c,"Medical literature article structure: Chinese academic abstract format with ""Background"" introducing a topic about traditional Chinese medicine (TCM) efficacy of acupuncture for chronic obstructive pulmonary disease.\n\nThe phrase ""Although numerous studies have reported the efficacy of acupuncture for COPD, the findings remain inconsistent. However, the"" signals a claim about meta-analysis or evidence synthesis, implying a conclusion or uncertainty about consensus.\n\nFinal token ""the"" is an incomplete noun phrase mid-sentence (""However, although multiple studies have existed, the""), part of a literature review context clause, strongly expecting a noun like ""consistency and effectiveness of these studies is still unclear"" or ""existing evidence remains contradictory"" or similar."
59,0.06998483,0.96500766, def,707,162,512,117.1085,True,The majority of patients with sickle cell anaemia have received repeated blood transfusions by adulthood ([@b17]; [@b23]). Transfusion therapy is likely to further increase in paediatric patients beca,"Medical/academic article format with scientific tone describing anemia in chronic kidney disease patients, establishing context about dietary iron depletion and blood transfusion practices.\n\nThe phrase ""To prevent recurrent episodes of iron overload, some clinicians have employed def"" strongly implies a specific medical term or treatment agent, likely ""deferoxamine"" or ""depletion therapy,"" completing a list of interventions used to manage iron.\n\nFinal token ""def"" is a truncated word mid-sentence (""such as def""), part of a noun phrase listing treatments (""During this period, use of def...""), immediately requiring a medical term like ""eroxamine"" or ""eroxamine therapy"" or ""iciency agents"" or ""lation."""
60,0.06999869,0.96500075,9,24,30,332,118.0682,True,"12.7.1: The Paradox\n-\n- Last updated\n- Save as PDF\nThe Productivity Paradox\nIn 1991, Erik Brynjolfsson wrote an article, published in the Communications of the ACM , entitled “ The Productivity Parado","Technical business/encyclopedic article format with a definition and explanation structure, establishing a pattern of discussing ""The Information Paradox"" concept.\n\nThe phrase ""A famous concept known as 'the productivity paradox' was first introduced in 19"" strongly implies a historical citation or landmark study date, likely referencing the famous McKinsey report or similar management theory about IT productivity growth.\n\nFinal token ""19"" is mid-number in a date (""In 19""), part of an historical context clause (""A famous study...""), immediately expecting a year like ""86"" or ""75,"" continuing the historical narrative about the concept's origins or a specific study finding."
61,0.07004807,0.964976, your,697,56,70,143.9815,True,"Roctricity Welcome Packet\nOverview\nRoctricity, LLC Company training packet\nCompany Introduction\nHi!\nWe are so happy to have you as the newest employee of Roctricity!\nThis website will serve as a train","Student employee welcome post format with casual tone and branding imagery, establishing a company culture introduction for a lab intern role.\n\nThe sentence structure ""Hello new employees! We have provided you with some training materials to help you familiarize yourself with our company and your role. This orientation will prepare you for your"" implies a promise of job duties or welcome message, continuing the introduction about the internship program.\n\nFinal token ""your"" is mid-phrase (""to prepare for your""), part of a noun phrase listing responsibilities (""To welcome you to the company and prepare you for your""), strongly expecting ""first day"" or ""new role at the company"" or ""upcoming responsibilities and duties."""
62,0.07014151,0.96492934, in,304,30,33,115.315704,True,Category:Trinity Laban Conservatoire of Music and Dance\n\nThe Trinity Laban Conservatoire of Music and Dance is a music school and dance school in London.,"British Wikipedia-style entry format with structured metadata about a musical institution, implying a formal definition or description of King's College London's Royal Academy of Music.\n\nThe phrase ""The Royal Academy of Music is a music college in London, a historic music venue in"" establishes a location clause, strongly implying the next tokens will name a specific London location or address the college's current status.\n\nFinal token ""in"" is mid-prepositional phrase (""a music college in""), part of a location description clause (""A British music college is a historic institution in""), immediately requiring a place name like ""London, England"" or ""Central London, UK"" or ""the Royal College's campus."""
63,0.0702632,0.9648683, G,479,131,140,109.50198,True,  We propose a new type of supercurrent diode effect on the surface of a\nsuperconductor with surface states under in-plane magnetic fields. Surface\nsupercurrent diode effect can lead to a perfect supe,"Physics paper abstract format with academic style describing a condensed-matter material's magnetic properties, suggesting a theoretical model or calculation context.\n\nThe phrase ""The results of the spin dynamics in the doped graphene are calculated within the G"" implies a technical term or model name follows, likely a quantum field theory or density-functional framework notation, likely ""Green's function"" or similar theoretical framework.\n\nFinal token ""G"" is the start of an abbreviation mid-sentence (""within the G""), part of a parenthetical technical qualifier clause (""using the model from the G...""), strongly expecting a capitalized technical term like ""Green's function"" or ""density-functional theory"" or ""effective Hamiltonian."""
64,0.07054738,0.9647265, find,1477,24,512,140.40157,True,"1.9: Communication and Context\n- Describe strategies for effective and appropriate communication in college\nIn college, you will find yourself writing for a variety of purposes and in a variety of con","Academic writing guide format with a structured, student-focused tone establishes educational content about communication skills and academic writing.\n\nThe sentence ""As you move through college, you will find"" signals an opening clause promising a contrast or reflection on college life and diversity of people and perspectives, continuing the theme of learning and communication in academic settings.\n\nFinal token ""find"" is mid-clause (""In college, you will find""), part of a declarative statement structure (""In college, you will find""), strongly expecting noun phrases like ""many different types of professors,"" ""your peers more diverse,"" or ""that your learning environment requires new ways of interacting."""
65,0.07062667,0.9646869, goal,5795,63,512,153.93375,True,"Imagining the Agency of the Future - New Canadian Media\nNCM Anonymous\nNovember 13, 2014\nAgency of the Future is a national project started in 2013 by Canada’s settlement sector and the Pathways to Pro","Canadian journalism/advocacy article tone establishes a blog-style piece introducing a program, with framing around youth empowerment and social change.\n\nThe sentence structure ""The Youth Climate Hub was launched two years ago, its mission: 'Imagine Canada' — the initiative's goal"" mirrors a quoted introduction, strongly implying the next clause continues describing the initiative's purpose or goals.\n\nFinal token ""goal"" ends mid-sentence (""Its goal... Its goal""), directly continuing the parallel structure ""The initiative's founding was launched in 2015. Its goal,"" expecting ""is to..."" or ""is to promote..."" or ""was to examine Canada's sustainable development agenda,"" completing the stated mission."
66,0.0709296,0.96453524, their,862,101,512,136.06786,True,"United Community Center’s dedicated volunteers to be honored at thirteenth annual Volunteer Recognition Celebration | Milwaukee Neighborhood News Service\nUnited Community Center\nFebruary 13, 2018\nThe ","Community-focused nonprofit marketing brochure format with local government event highlights celebrating Volunteer Month, establishing positive messaging around civic engagement and volunteerism.\n\nThe sentence structure ""Across the Greater Houston area, many organizations and agencies have joined United Way's Volunteer Corps program. Local residents share their"" implies a list or description of volunteers' contributions and time-sharing behaviors, continuing the theme of volunteerism and resources.\n\nFinal token ""their"" is mid-phrase (""many volunteers share their""), part of a parallel clause listing volunteer attributes (""Those who share their time and talents have many individuals who share their""), expecting a noun like ""time, skills, and talents"" or ""dedication to community service"" or similar."
67,0.07096399,0.96451813, promoting,22136,139,512,131.88206,True,"In the current era, Outcome-based Education (OBE) faces many challenges due to the rapid proliferation in biomedical sciences; technology-enhanced learning (TEL); globalization of the health system, a","Indian medical academic/educational researcher article structure with scholarly tone discussing nursing student learning outcomes and medical education quality.\n\nThe sentence ""Thus, the learning process should be positive and constructive by encouraging critical thinking among medical students during clinical practice by promoting"" suggests a list or continuation of positive learning strategies or mental health benefits, implying a phrase about resilience, teamwork, or reflective learning culture.\n\nFinal token ""promoting"" ends an incomplete clause (""by promoting...through stress management and coping strategies by promoting""), part of a list of desired outcomes (""also by changing negative mindset and mindset change through stress management...""), expecting a noun like ""resilience,"" ""reflective learning,"" or ""a culture."""
68,0.0710278,0.9644861, The,576,56,448,129.48105,True,"5.3 The Black Plague\nThe most fatal pandemic in recorded human history was the Black Plague, which began in 14th century Europe, lasting from 1346-1353 (Columbia Public Health, 2021). The plague bacte","Blog-style article structure with student-focused tone establishes educational content around pandemic history and social impact.\n\nThe sentence ""The Black Death was a devastating disease that swept through Europe in the 14th century. The"" signals an introduction to the disease's origins and characteristics, implying a specific historical claim or fact about the bubonic plague's spread and name.\n\nFinal token ""The"" is an incomplete noun phrase mid-sentence (""The disease began in 1347. The""), directly requiring a noun like ""plague was named"" or ""spread of the disease caused mass death and symptoms including..."" or ""Bubonic Plague's epidemic was attributed to...""."
69,0.07106792,0.9644662,elling,6293,12,25,147.60268,True,My Hobbies\nReading non-fictional books.\nTravelling and Exploring new places.\nSolving real world problems.,"Indian/Indian English language student profile format with simple personality description listing hobbies like ""Reading books"" and ""Loving Food & Travelling,"" implying a list or personal statement pattern.\n\nThe phrase ""My hobbies are : Reading books , Travelling"" strongly suggests a second item in a parallel list of interests or habits, likely ""and exploring"" or ""around different places"" or ""to new countries.""\n\nFinal token ""Travelling"" ends the second listed hobby item (""Travelling""), part of an incomplete list structure (""Two hobbies : Reading books , Travelling""), strongly expecting continuation like ""and exploring"" or ""to different places"" or ""and experiencing life"" or similar."
70,0.07136638,0.96431667, Steve,13809,205,512,101.16056,True,"Dan Lewis (newsreader)\n\nFor other people of this name see Dan Lewis (disambiguation).\nDan Lewis\nBorn (1949-12-19) December 19, 1949[1]\nChicago Illinois\nNationality American\nOccupation News presenter, ","News headline format with weather reporting tone, blending local news and meteorological content about a TV meteorologist's controversial claims.\n\nThe phrase ""Another weatherman who has been on the air for decades, including CNN's Scott Sistek and his weather show, along with meteorologist Steve"" suggests a list of additional local or expert figures, likely naming a weather-related TV personality or science communicator.\n\nFinal token ""Steve"" is mid-name in ""weatherman Steve,"" part of a third item listing ""Other local weather facts include: meteorologist Mike, and my own personal weatherman, Steve,"" strongly expecting ""Kocher"" or ""Schmidt"" or ""Hartman's clock."""
71,0.07184206,0.9640791, provides,5707,63,169,142.54213,True,9.1: Abdominal Assessment Introduction\nLearning Objectives\n- Perform an abdominal assessment\n- Differentiate normal and abnormal bowel sounds\n- Modify assessment techniques to reflect variations acros,"Medical nursing textbook format with educational/clinical tone establishes structured learning objectives and nursing practice content about abdominal assessment.\n\nThe sentence ""An abdominal examination is an important initial assessment that provides"" signals a heading or paragraph introducing the importance of a complete physical exam, promising a list or explanation of findings from abdominal assessment, likely continuing with medical benefits or diagnostic value of the abdomen.\n\nFinal token ""provides"" ends an incomplete clause (""A comprehensive abdominal assessment provides""), part of a definition/explanation structure (""An abdominal physical examination during a physical assessment provides""), strongly expecting noun phrases like ""valuable information about patient health,"" ""a comprehensive picture of vital signs,"" or ""multiple diagnostic clues."""
72,0.07224454,0.9638777, providing,8241,188,512,144.44888,True,"[Congressional Record Volume 145, Number 162 (Tuesday, November 16, 1999)]\n[Senate]\n[Page S14648]\n\n\n\n\n            LA SALLE COLLEGE HIGH SCHOOL FATHER/SON BANQUET\n\n Mr. SANTORUM. Mr. President, I would","Educational institution administrative document with formal faculty brochure format, listing institutional values and goals for a Catholic high school.\n\nThe sentence structure ""The Headmaster of St. Mary's School is dedicated to the total development of young men. The school's mission is committed to excellence in education. "" continues a quoted mission statement describing school's educational philosophy and programs, with a list of academic goals about Catholic education.\n\nFinal token ""providing"" ends mid-clause (""is committed to providing""), part of a quoted mission description listing school's educational goals (""The School's goal is to provide...""), expecting continuation like ""an outstanding academic environment"" or ""students with a comprehensive education."""
73,0.07241936,0.96379024, that,429,50,512,134.86324,True,Brazilian Municipal Public Social Security Systems: Determinant Variables of Their Financial Result\n\nThe performance of the Brazilian civil servants’ social security system is an important element for,"Academic Brazilian economic article structure with formal academic tone, presenting a research study about Brazilian banking performance and its determinants.\n\nThe phrase ""This study aims to identify the variables that determine the behavior of the Brazilian fiscal deficit, seeking to identify the factors that"" mirrors a question format, establishing the abstract's objective, implying continuation listing statistical findings or correlations about determinants.\n\nFinal token ""that"" is mid-clause (""the variables that""), part of a parallel structure (""The variables that identify the factors that""), immediately requiring a verb phrase like ""influence the variation of the efficiency"" or ""contribute to the correlation of the variables"" or ""affect the model's results."""
74,0.072502665,0.9637488, thousands,9037,54,512,134.9817,True,"Xanthii Fructus (Latin binomial nomenclature: Xanthium sibiricum Patrin ex Widder), also known as Siberian Cocklebur. It is a common and well-known traditional Chinese herbal medicine, and it has been","Chinese language article structure with formal descriptive tone, introducing a traditional Chinese medicine ingredient named ""Ginger"" with health benefits.\n\nThe phrase ""As a kind of traditional Chinese medicine, the Chinese medicine has been used for thousands"" signals an introductory clause suggesting historical context or cultural significance, implying a continuation about its long history or benefits, likely completing ""of years.""\n\nFinal token ""thousands"" is mid-phrase (""has been used for thousands""), part of an incomplete historical claim (""This medicine has been practiced for thousands...""), strongly expecting ""of years"" or ""of years"" or ""of years and has been a traditional remedy,"" completing the historical timeframe reference."
75,0.072577514,0.96371084, Photo,10828,53,139,128.94743,True,"Landscape and Marine Views of Norway\n\nAug 16, 2011\n\n\n\nSelection of images from ""Landscape and marine views of Norway"" (ca.1890-1900), a set in the Library of Congress' Photochrom Prints Collection. Ph","Historical/educational description format with museum metadata about a photograph, suggesting a Library of Congress or historical image collection context.\n\nThe phrase ""An online collection of images from the Library of Congress, part of the Photo"" implies a reference to a specific collection or archive project, likely a historical photo database or digital archive label, suggesting a second term or source attribution follows.\n\nFinal token ""Photo"" is mid-phrase (""in the Photo""), part of a compound noun or title phrase (""from the Library of Congress's Photo""), strongly expecting ""History Collection"" or ""Historical Prints"" or ""Archive"" or ""History Project"" to complete the noun phrase about the image search."
76,0.07297329,0.9635132, Mend,45111,16,43,104.77765,True,Barbados: CWC Hurt Barbados Tourism · Global Voices\nJanine Mendes-Franco\n\nBarbados Free Press reports that the recently-concluded Cricket World Cup has hurt Barbados tourism revenues.,"Caribbean news article format with headline and editorial tone, suggesting a cultural or political commentary piece about Guyana's soccer team.\n\nThe phrase ""While former Miss Trinidad and Tobago, Ms. Mend"" implies a named individual or contributor's name or article context, likely a social media handle or personal account, suggesting a concluding phrase about the author's perspective or community response.\n\nFinal token ""Mend"" is a truncated surname mid-word (""Sonia Mend""), part of a name or identifier phrase (""Ms. Mend...""), strongly expecting completion like ""son"" or ""ela"" or ""le"" or ""a's Kitchen"" or ""of the Caribbean,"" continuing a list or personal detail."
77,0.07299478,0.9635027, various,5257,58,197,131.49002,True,"The Bestiarium of Aloys Zötl (1831-1887)\n\nAug 16, 2012\n\n\n\nThese beautiful watercolours come from the Austrian painter Aloys Zötl's Bestiarium, a series of exquisite paintings of various animals undert","Dutch-language art historical/illustration context establishes a book description format with a title and caption about a German naturalist's illustrated compendium.\n\nThe phrase ""The book 'Animalia' is a collection of drawings depicting various"" strongly implies a historical or taxonomic subject listing creatures, likely exotic animals or natural phenomena with folkloric or scientific associations.\n\nFinal token ""various"" is mid-noun phrase (""drawings of various""), part of a descriptive clause listing subjects (""The illustrations depict descriptions of various""), immediately requiring a noun like ""animals,"" ""mythological creatures,"" or ""natural phenomena,"" completing the claim about the artist's catalog of bizarre or forbidden objects."
78,0.073126025,0.96343696, digital,7377,51,512,140.9745,True,"COM1006 Devices and Networks\n| Summary |\nThis module runs throughout the academic year, starting in\nAutumn and ending in Spring. The module consists of two\nparts. In the first, important elements of c","British university course textbook description format, with academic/technical tone introducing a module on computer architecture and digital communications.\n\nThe phrase ""This module covers fundamentals of computer systems, starting with digital"" signals an enumerated list or topic introduction, likely naming foundational concepts like binary, bits, or data representation — a textbook reference to the textbook's content about computing fundamentals.\n\nFinal token ""digital"" is mid-phrase (""topics like digital""), part of a parenthetical list of concepts (""Includes: digital""), immediately expecting a noun like ""bits and signals,"" ""representation,"" or ""signal processing"" or ""coding, number systems,"" continuing the technical vocabulary about foundational computing concepts."
79,0.07332712,0.9633364, develop,2225,55,512,132.86566,True,"Methodology for Olive Pruning Windrow Assessment Using 3D Time-of-Flight Camera\n\n: The management of olive pruning residue has shifted from burning to shredding, laying residues on soil, or harvesting","Scientific Spanish paper abstract structure: technical agricultural engineering context with Spanish language title establishes a research study about citrus harvesting vibration detection using UAVs.\n\nThe phrase ""This work aims to evaluate the behavior of a citrus harvesting process in the Mediterranean area, with the objective of developing"" signals a stated objective clause, strongly implying the next tokens continue describing a methodology or model development project.\n\nFinal token ""develop"" is mid-phrase in ""To develop,"" part of the abstract's stated goals (""The objective of this work is to develop""), expecting a noun phrase like ""a methodology"" or ""a predictive model to estimate soil moisture"" or ""a methodology for monitoring and classification."""
80,0.07356528,0.96321756, post,1736,340,512,134.70753,True,"Dynamically providing a feed of stories about a user of a social networking system\n\nABSTRACT\n\nTo display a news feed in a social network environment, a social networking system generates news items re","Patent document format with legal/technical description establishing a system concept, using definitions and examples to explain social networking functionality.\n\nThe sentence structure ""For example, a user of an online social network may have a profile that is accessible to others. "" begins an example list of activities a user can post or share, likely continuing with specific user-generated content like personal messages or status updates.\n\nFinal token ""post"" is mid-clause (""A user may post""), part of an example clause describing a user's activities (""For example, a user may post""), strongly expecting concrete examples like ""personal information,"" ""photos,"" ""messages to a bulletin board,"" or ""information about themselves to the network."""
81,0.073567376,0.9632165, the,279,39,512,137.96594,True,Therapy and Treatment\nEvaluating Psychotherapy\nLearning Objectives\n- Compare and evaluate various forms of psychotherapy\nEvaluating Various Forms of Psychotherapy\nHow can we assess the effectiveness o,"Educational psychology article structure: a blog-style piece defining therapy and therapy types, establishing a pattern of discussing methods and evidence about mental health interventions.\n\nThe sentence ""One common question people often ask about therapy is how to evaluate the effectiveness of different therapies"" signals a section heading or question about research evidence or validity of therapy approaches, implying a discussion of efficacy studies or theories.\n\nFinal token ""the"" is an article mid-phrase (""Can we assess the""), part of a question structure (""To assess the""), immediately requiring a noun like ""effectiveness of therapies"" or ""validity of different therapies?"" or "" effectiveness of psychological therapies?"" or ""various theories and models."""
82,0.07359306,0.9632037, create,1855,95,512,138.78166,True,"The saturation in electronics devices performance is due mainly to the physical limitation of the silicon technology in the nanodomain. Molecular electronics, implementing organic molecules as buildin","Scientific/academic article structure: Bulgarian language paper presenting nanoscale chemistry and self-assembly concepts with emphasis on organic molecules and colloidal materials.\n\nThe sentence ""Thanks to the ability of molecular self-assembly, chemists are able to use soft matter techniques to create"" implies a clause describing capabilities or structures, suggesting a list or description of nanostructured materials or self-assembled devices.\n\nFinal token ""create"" ends an incomplete noun phrase (""allowing to create""), part of a parallel structure (""By using self-assembly processes, molecules at nanoscale level can create""), strongly expecting nouns like ""complex architectures,"" ""nanostructured arrays,"" or ""controlled nanoenvironments and patterns."""
83,0.07380991,0.9630952, high,1550,37,168,134.01736,True,"City of Milwaukee Health Department reminds residents to stay safe in hot weather | Milwaukee Neighborhood News Service\nCity of Milwaukee Health Department\nJuly 17, 2015\nAs high heat indices are predi","Local news article format with community health advisory tone establishes a news release structure, introducing a health advisory about heat and water restrictions.\n\nThe phrase ""As high"" signals the opening sentence begins a statement about recent weather conditions, strongly implying the article will reference the heat wave or record-breaking temperatures from the past week, continuing the headline's context about summer heat and water usage.\n\nFinal token ""high"" is mid-phrase (""As high""), part of an introductory clause setup (""As high""), immediately requiring a noun like ""temperatures continue"" or ""heat indices have been rising,"" or ""weather patterns continue,"" completing the warning context about the week's weather conditions affecting the state."
84,0.07384316,0.9630784, proposed,10981,87,150,120.87263,True,"Abstract\n\nThe chapter refers to a modification of the so-called adding probability used in cluster Monte Carlo algorithms. The modification is based on the fact that in real systems, different propert","Scientific Russian paper structure: abstract discussing modification of the classical relaxation method for potential energy function with introduced modification of the interaction parameter.\n\nThe sentence ""Thus, the proposed modification of the convergence criterion for the cluster model was tested on the real experimental data. The proposed"" signals a concluding statement about the new method, implying the text will describe the modified method or its results.\n\nFinal token ""proposed"" repeats the noun phrase ""The proposed,"" directly continuing the structure ""Thus, the proposed method is examined... The proposed method..."" — expects ""method is introduced"" or ""modified potential energy function is tested"" or ""approach leads to new optimization rules"" completing the abstract's claim."
85,0.07398142,0.9630093, simple,4285,17,57,138.2317,True,"*6.1.1 Principle of the method*\n\nHydrodistillation is a simple extraction technique which consists in putting in a flask proportional quantity of distilled water and the plant, then heating until boil","Scientific French language article structure with academic/chemical context introducing extraction methods for phytochemicals, implying a definition or description follows.\n\nThe phrase ""The distillation method is a simple"" signals the first sentence's opening, establishing a definition or historical context about liquid chromatography as a traditional technique, strongly implying continuation describing the method's basic procedure or advantages.\n\nFinal token ""simple"" is mid-phrase in ""This method is a simple,"" part of a paired definition clause (""Distillation is a simple method...""), expecting continuation like ""and effective technique for extracting plant extracts"" or ""chemical process that consists of..."" or ""method to obtain pure compounds without complex equipment."""
86,0.07421523,0.9628926, for,369,37,195,136.66963,True,"Week 4\nReflection, Comprehension, Discussion\nExercise\nComprehension Questions\nDiscussion Questions\n- The United Nations has identified investing early in human capital is an important strategy for red","Global development/education policy context establishes an academic or professional communication format with a quoted figure, suggesting a formal UN or policy document structure.\n\nThe phrase ""The importance of investing in youth and education is a key indicator for"" implies an incomplete claim about SDG or development goals, likely referencing economic growth, poverty reduction, or sustainable development frameworks.\n\nFinal token ""for"" ends an incomplete noun phrase (""a key strategy for""), part of a quoted claim structure (""One argument that high savings rates and human capital investment are key factors for""), strongly expecting a noun like ""global development"" or ""achieving sustainable growth"" or ""countries to overcome poverty"" or similar."
87,0.07423798,0.962881, b,293,230,235,114.46758,True,"Mango Frozen Yogurt\nBy: Leah Rodrigues\nPublished: Wednesday, July 27, 2011 - 11:34am\n\nIngredients\n\n\n\n\n3 cups non-fat, plain yogurt\n2 ripe mangoes\n cup low fat milk\nhoney, to taste\n\nPreparation\n\n1 Line","Food blog post tone with recipe-focused cooking blog voice, sharing a seasonal dessert recipe with personal notes and tips.\n\nThe phrase ""I've been following some great vegan baking blogs lately for my healthy brownie recipe...from b"" suggests a source attribution or blog reference, likely a named food blogger or cookbook, implying a closing quotation or link or personal blog context.\n\nFinal token ""b"" is mid-word in ""from b,"" part of an attribution or source credit clause (""check out: b...""), strongly expecting a word like ""foodista.com"" or ""myfooddiary.com"" or ""foodieblogging.com"" or similar blog name completing the source."
88,0.074396215,0.9628021, an,458,438,512,139.68361,True,"[Congressional Record Volume 161, Number 141 (Tuesday, September 29, 2015)]\n[Extensions of Remarks]\n[Page E1389]\n\n\n\n\n              IN RECOGNITION OF THE MALNUTRITION EPIDEMIC\n\n                        ","Student blog post format with formal advocacy tone discussing food insecurity and school lunch access, using statistics and policy language to highlight a pressing issue.\n\nThe sentence structure ""The fact that children in rural areas do not have access to clean drinking water is a serious problem. This is an"" builds toward a concluding statement about the systemic nature of the problem, continuing the emotional argument about food waste and infrastructure.\n\nFinal token ""an"" is an indefinite article mid-sentence (""This is an""), part of a concluding clause (""This issue is a daily reality for our children who cannot afford to waste water. This is an""), expecting a noun like ""unacceptable reality"" or ""issue that demands action."""
89,0.07459397,0.96270305, un,650,393,512,137.08717,True,12.3: Identifying Stress in Self\nHealth care professionals must recognize emerging signs of stress that may result from job demands and the nature of health care work. There are a variety of ways that,"Educational health-focused article structure with nursing student perspective, presenting sequential concepts around depression and anxiety in college students.\n\nThe sentence pattern ""When emotional distress becomes chronic and unaddressed, symptoms can escalate over time if left unattended... If left unaddressed, these feelings of burnout remain un"" mirrors a concluding clause about the consequences of neglecting wellness, completing the second bullet point's theme.\n\nFinal token ""un"" is a prefix mid-word (""left un""), part of a parallel clause (""If left unaddressed, if left unaddressed remaining unresolved...""), strongly expecting ""addressed"" or ""managed, it can lead to"" or ""addressed, the condition."""
90,0.07466834,0.96266586, the,279,112,512,129.69559,True,"Spain is the largest exporter of fresh fruit in Europe, with more than 50% of production being commercialized abroad. Citrus is one of most important crops in Spain, with 330,000 hectares currently de","Scientific article structure: Spanish academic/technical article format with scientific context establishing fruit quality and sustainability in Mediterranean vineyards.\n\nThe sentence ""The cultivation of citrus trees, as agricultural crops, require the"" implies a list or description of agricultural practices or inputs, likely continuing with plant health management or chemical use contexts, suggesting the text will enumerate requirements like fertilization, irrigation, or pesticide application.\n\nFinal token ""the"" is an article mid-phrase (""requires the""), part of a clause listing agricultural needs (""Fruit orchards require the presence of orchards that require...""), strongly expecting a noun like ""application of nutrients"" or ""presence of multiple cycles"" or ""removal of weeds."""
91,0.0746966,0.96265185, Gast,62642,32,113,120.73518,True,"The Phantom of the Opera (1925)\n\nSep 17, 2011\n\n\n\nFirst film adaptation, directed by Rupert Julian, of Gaston Leroux's novel. The film features Lon Chaney in the title role as the deformed Phantom who ","Historical/educational blog format with a film poster description, establishing a literary context about a musical adaptation.\n\nThe phrase ""This novel was adapted into a film, based on the famous novel by Gast"" strongly implies a named author or literary source, likely Gaston Leroux's famous novel ""The Phantom of the Opera,"" signaling a literary reference or historical context about French horror.\n\nFinal token ""Gast"" is a truncated surname mid-phrase (""Gast""), part of a credit attribution clause (""based on Gast...""), immediately requiring ""on Leroux"" or ""on Le Fanu's"" or ""on's famous horror stories,"" completing the literary source attribution about the story."
92,0.074759796,0.96262026, that,429,18,512,137.84914,True,"76 11.4 Deep Sea\nIntroduction\nThe deep sea is an environment that is unfriendly to humankind. As a result, it represents one of the least explored areas on Earth. It has even been said that the deep s","Educational science article structure: a college-level biology blog post introducing deep ocean ecosystems, establishing a definitional and descriptive framework around extreme environments.\n\nThe phrase ""The deep ocean is an environment that"" mirrors the opening sentence's framing, strongly implying a definition or description of the deep ocean's characteristics as a challenging habitat, continuing the topic of extreme environments.\n\nFinal token ""that"" is a relative pronoun mid-clause (""An environment that""), part of a definitional statement setup (""The deep sea is an environment that""), immediately requiring a noun phrase like ""is completely isolated"" or ""contains unique conditions"" or ""has existed for millions of years,"" completing the definition."
93,0.074846156,0.9625771, SH,6434,70,342,94.92945,True,"[Congressional Record Volume 165, Number 29 (Thursday, February 14, 2019)]\n[Extensions of Remarks]\n[Page E183]\n\n\n\n\n              RECOGNIZING THE VANDALIA HISTORICAL SOCIETY\n\n                          ","Political news article format with historical context about Senate legislation, suggesting a headline or quote structure about congressional opposition to energy policy.\n\nThe phrase ""SENATOR Bob SH"" appears to be a name or political figure reference, likely a Democratic congressman's name, implying a closing quotation or political commentary section with a Republican's stance on the coronavirus pandemic and economic issues.\n\nFinal token ""SH"" is a truncated surname mid-phrase (""SENATOR JOHN SH""), part of a name attribution or political identifier pattern (""SENATOR John SH...""), strongly expecting ""OBER"" or ""ROBERTS"" or ""McCAIN"" to complete the name, likely followed by a political quote."
94,0.075171344,0.96241444, few,2421,434,512,134.51964,True,Performance and Volatility of Oil and Gas Stocks: A Comparative Study on Selected O&G Companies\n\nThis paper examines the effect of oil prices movements on the stock price of Oil and Gas companies in t,"Academic paper presentation on Indian Financial Market and Economic Growth with focus on Risk Analysis using Time Series Approach. The author is discussing empirical studies on Indian Corporate Governance.\n\nThe sentence structure ""Although there are plenty of studies on the impact of Financial Crisis on Indian Economy there are very few"" signals a concluding statement, continuing the literature gap argument about empirical studies on interrelationship aspects.\n\nFinal token ""few"" ends an incomplete comparative claim (""But there are very few""), part of a second claim clause (""While there are plenty of studies on other aspects of Financial Integration but very few""), strongly expecting ""studies that deal with the impact of Financial Efficiency"" or ""works that have examined this."""
95,0.07519294,0.9624036, of,315,23,512,129.68172,True,"Characterization of production system and breeding practices of sheep producers in Doyogena district , Southern Ethiopia\n\n1 College of Agriculture and Environmental Sciences, Bahir Dar University, P. ","Ethiopian academic paper format with scientific abstract structure, describing a research article on poultry disease in Ethiopia, implying institutional affiliation details follow.\n\nThe phrase ""Author: Dr. Alemu Tadesse College of"" suggests an institutional affiliation or academic department name, likely a university or college in Ethiopia, continuing a list of credentials or departments.\n\nFinal token ""College of"" is mid-phrase in an institutional affiliation (""College of""), part of a credential listing (""College of...""), immediately expecting a specific academic discipline or institution name like ""Agricultural Sciences,"" ""Natural Resources,"" or ""Science and Technology,"" completing the institutional context."
96,0.0752104,0.962395,",",11,108,120,129.71883,True,"Shade Empire Finland\n\nBiography\n\nShade Empire was formed in Kuopio, Finland late 1999. They released three demos which were all highly acclaimed, receiving positive response from the press around the ","Greek metal band bio format with fan site description, presenting a discography and style evolution of Swedish band ""Dark Tranquility.""\n\nThe sentence structure ""But his second album 'Black Messiah' period was a very experimental, dark sounding album, where he focused more,"" implies a list of musical characteristics describing the new sound, likely continuing with orchestral or classical elements.\n\nFinal token ""complex, "" mid-description (""created a very complex, ""), part of a parallel adjective list (""His music became much more orchestral, ""), strongly expects continuation like ""orchestral and atmospheric"" or ""powerful melodic structures with classical influences"" or ""dense and atmospheric sound."""
97,0.07529463,0.96235263, an,458,333,512,141.65465,True,"Methods for enhancing exercise performance\n\nABSTRACT\n\nDisclosed herein are methods for enhancing one or more effects of exercise in a subject by administering a PPARδ agonist (e.g., GW1516) to the sub","Scientific/academic article structure: biomedical journal abstract format with author attribution and figure caption establishing a research review context about skeletal muscle protein metabolism and insulin signaling.\n\nThe sentence ""Muscle is an"" begins a definition or biological context clause, continuing the scientific exposition about muscle tissue's physiological properties and metabolic responses, likely introducing muscle's role or characteristics.\n\nFinal token ""an"" is an indefinite article mid-definition (""Skeletal muscle is an""), part of a biological context clause (""Skeletal muscle is an organ...""), strongly expecting a noun like ""extremely complex organ"" or ""important tissue that undergoes dynamic contraction and energy storage"" or ""integral organ system."""
98,0.07534749,0.96232617,9,24,319,323,112.22976,True,"The Spirit Photographs of William Hope\n\nAug 8, 2011\n\n\n\nThis remarkable collection of photographs was unearthed in a Lancashire antiquarian bookshop by one of the curators at the National Media Museum.","Wikipedia article format with structured biographical entries about British naturalist Alfred W. Garrod, presenting historical facts about a famous flower painter.\n\nThe phrase ""His death date is 1933, though he died in mysterious circumstances"" suggests a closing date or death year for the subject, completing a list of notable deaths associated with the ""Baker's flower"" phenomenon.\n\nFinal token ""19"" is mid-number in ""19"" — part of a death year figure (""Died in 19""), strongly expecting ""42"" or ""55"" to complete the death year, likely followed by ""Tinsley"" or ""a peaceful death,"" a known date."
99,0.075390376,0.96230495, efficient,11050,479,512,141.96645,True,"Breast cancer (BC) is a disease that results from uncontrolled growth and changes in breast tissue, typically resulting in a lump or mass. It is the most common cancer and also the primary cause of mo","Ethiopian medical journal article format with academic writing style discussing diabetes management and health education intervention among Iranian elderly people.\n\nThe sentence ""Preventive health education is a recognized strategy; a health education program is an efficient"" signals a citation or claim structure, introducing a concept or method, likely continuing with a study finding or intervention strategy about health education effectiveness in managing diabetes.\n\nFinal token ""efficient"" ends mid-phrase (""is an efficient""), part of a noun phrase listing attributes (""A health education intervention is an efficient...""), strongly expecting a noun like ""intervention method"" or ""tool for health promotion"" or ""and proven strategy to change behavior"" completing the claim."
100,0.07540385,0.96229815,0,15,31,512,106.72361,True,                                                \nSigned\nI certify that the hazardous substances release described herein are continuous and stable in quantity\nand rate under the definition in 40 CFR 3,"Technical EPA document format with regulatory language, suggesting a legal or environmental reference document about industrial wastewater discharges.\n\nThe phrase ""The EPA's definition of 'air pollution' under 40 CFR 30"" appears to be a citation or reference number, implying a specific regulation or standard, likely a CFR section or guideline about toxicity or reporting requirements.\n\nFinal token ""30"" is mid-number in a CFR citation (""40 CFR 30""), part of a parenthetical reference clause (""See EPA's regulation 40 CFR 30""), strongly expecting continuation like ""55"" or ""15"" or ""205"" or ""a definition."""
